0,nospec_no_specifier_test,1574171327,0
1,nospec_empty_string,1574171327,0
2,nospec_some_escaped_chars,1574171327,0
3,nospec_successive_5_5,1574171327,0
4,nospec_successive_2_9,1574171327,0
5,nospec_successive_8_3,1574171327,0
11,nocrash_nullspec_basic,1574171327,0
12,nocrash_nullspec_5w,1574171327,0
13,nocrash_nullspec_5wzp,1574171327,0
14,nocrash_nullspec_5wzplj,1574171327,0
15,nocrash_nullspec_5wlj,1574171327,0
2300,nocrash_noarg_1_notmandatory,1574171327,0
2301,nocrash_noarg_2_notmandatory,1574171327,0
2302,nocrash_noarg_3_notmandatory,1574171327,0
2303,nocrash_noarg_4_notmandatory,1574171327,0
2304,nocrash_noarg_5_notmandatory,1574171327,0
2305,nocrash_noarg_6_notmandatory,1574171327,0
2306,nocrash_noarg_9_notmandatory,1574171327,0
2307,nocrash_noarg_10_notmandatory,1574171327,0
2308,nocrash_noarg_11_notmandatory,1574171327,0
2309,nocrash_noarg_12_notmandatory,1574171327,0
2310,nocrash_noarg_13_notmandatory,1574171327,0
2311,nocrash_noarg_14_notmandatory,1574171327,0
2312,nocrash_noarg_15_notmandatory,1574171327,0
2313,nocrash_noarg_16_notmandatory,1574171327,0
2314,nocrash_noarg_17_notmandatory,1574171327,0
2315,nocrash_noarg_19_notmandatory,1574171327,0
2316,nocrash_noarg_20_notmandatory,1574171327,0
2317,nocrash_noarg_21_notmandatory,1574171327,0
2318,nocrash_noarg_22_notmandatory,0,1574171327
2319,nocrash_noarg_24_notmandatory,1574171327,0
2320,nocrash_noarg_25_notmandatory,1574171327,0
2321,nocrash_nullarg_1,1574171327,0
2322,nocrash_nullarg_2,1574171327,0
2323,nocrash_nullarg_3,1574171327,0
2324,nocrash_nullarg_4,1574171327,0
2325,nocrash_nullarg_5,1574171327,0
2326,nocrash_nullarg_6,1574171327,0
2327,nocrash_nullarg_9,1574171327,0
2328,nocrash_nullarg_10,1574171327,0
2329,nocrash_nullarg_11,1574171327,0
2330,nocrash_nullarg_12,1574171327,0
2331,nocrash_nullarg_13,1574171327,0
2332,nocrash_nullarg_14,1574171327,0
2333,nocrash_nullarg_15,1574171327,0
2334,nocrash_nullarg_16,1574171327,0
2335,nocrash_nullarg_17,1574171327,0
2336,nocrash_nullarg_18,1574171327,0
2337,nocrash_nullarg_19,1574171327,0
2338,nocrash_nullarg_20,1574171327,0
2339,nocrash_nullarg_21,1574171327,0
2340,nocrash_nullarg_22,0,1574171327
2341,nocrash_nullarg_23,1574171327,0
2342,nocrash_nullarg_24,1574171327,0
2343,nocrash_nullarg_25,1574171327,0
2344,nocrash_mandatory_wformat_undefbehav_01,1574171327,0
2345,nocrash_mandatory_wformat_undefbehav_02,1574171327,0
2346,nocrash_mandatory_wformat_undefbehav_03,1574171327,0
2347,nocrash_mandatory_wformat_undefbehav_04,1574171327,0
2348,nocrash_mandatory_wformat_undefbehav_05,1574171327,0
2349,nocrash_mandatory_wformat_undefbehav_06,1574171327,0
2350,nocrash_mandatory_wformat_undefbehav_07,1574171327,0
2351,nocrash_mandatory_wformat_undefbehav_08,1574171327,0
2352,nocrash_mandatory_wformat_undefbehav_09,1574171327,0
2353,nocrash_mandatory_wformat_undefbehav_10,1574171327,0
2354,nocrash_mandatory_wformat_undefbehav_11,1574171327,0
2355,nocrash_mandatory_wformat_undefbehav_12,1574171327,0
2356,nocrash_mandatory_wformat_undefbehav_13,1574171327,0
2357,nocrash_mandatory_wformat_undefbehav_14,1574171327,0
2358,nocrash_mandatory_wformat_undefbehav_15,1574171327,0
2359,nocrash_mandatory_wformat_undefbehav_16,1574171327,0
2360,nocrash_mandatory_wformat_undefbehav_17,1574171327,0
2361,nocrash_mandatory_wformat_undefbehav_18,1574171327,0
2362,nocrash_mandatory_wformat_undefbehav_19,1574171327,0
2363,nocrash_mandatory_wformat_undefbehav_20,1574171327,0
2364,nocrash_mandatory_wformat_undefbehav_21,1574171327,0
2365,nocrash_mandatory_wformat_undefbehav_22,1574171327,0
2366,nocrash_mandatory_wformat_undefbehav_23,1574171327,0
2367,nocrash_mandatory_wformat_undefbehav_24,1574171327,0
2368,nocrash_mandatory_wformat_undefbehav_25,1574171327,0
2369,nocrash_mandatory_wformat_undefbehav_26,1574171327,0
2370,nocrash_mandatory_wformat_undefbehav_27,1574171327,0
2371,nocrash_mandatory_wformat_undefbehav_28,1574171327,0
2372,nocrash_mandatory_wformat_undefbehav_29,1574171327,0
2373,nocrash_mandatory_wformat_undefbehav_30,1574171327,0
2374,nocrash_mandatory_wformat_undefbehav_31,1574171327,0
2375,nocrash_mandatory_wformat_undefbehav_32,1574171327,0
2376,nocrash_mandatory_wformat_undefbehav_33,1574171327,0
2377,nocrash_mandatory_wformat_undefbehav_34,1574171327,0
2378,nocrash_mandatory_wformat_undefbehav_35,1574171327,0
2379,nocrash_mandatory_wformat_undefbehav_36,1574171327,0
2380,nocrash_mandatory_wformat_undefbehav_37,1574171327,0
2381,nocrash_mandatory_wformat_undefbehav_38,1574171327,0
2382,nocrash_mandatory_wformat_undefbehav_39,1574171327,0
2383,nocrash_mandatory_wformat_undefbehav_40,1574171327,0
2384,nocrash_mandatory_dupflag_d_asas,1574171327,0
2385,nocrash_mandatory_dupflag_d_spsp,1574171327,0
2386,nocrash_mandatory_dupflag_d_spassp,1574171327,0
2387,nocrash_mandatory_dupflag_d_ljljw,1574171327,0
2388,nocrash_mandatory_dupflag_d_ljasljw,1574171327,0
2389,nocrash_mandatory_dupflag_x_afaf,1574171327,0
2390,nocrash_mandatory_dupflag_x_afasasafljw,1574171327,0
2391,nocrash_mandatory_c_prec_1,1574171327,0
2392,nocrash_mandatory_c_prec_2,1574171327,0
2393,nocrash_mandatory_c_af,1574171327,0
2394,nocrash_mandatory_c_zp_1,1574171327,0
2395,nocrash_mandatory_c_zp_2,1574171327,0
2396,nocrash_mandatory_c_as_1,1574171327,0
2397,nocrash_mandatory_c_as_2,1574171327,0
2398,nocrash_mandatory_c_sp_1,1574171327,0
2399,nocrash_mandatory_c_sp_2,1574171327,0
2400,nocrash_mandatory_c_size_hh,1574171327,0
2401,nocrash_mandatory_c_size_h,1574171327,0
2402,nocrash_mandatory_c_size_l,1574171327,0
2403,nocrash_mandatory_c_size_ll,1574171327,0
2404,nocrash_mandatory_c_size_L,1574171327,0
2405,nocrash_mandatory_c_lj_nowidth,1574171327,0
2406,nocrash_mandatory_s_af,1574171327,0
2407,nocrash_mandatory_s_zp_1,1574171327,0
2408,nocrash_mandatory_s_zp_2,1574171327,0
2409,nocrash_mandatory_s_as_1,1574171327,0
2410,nocrash_mandatory_s_sp_1,1574171327,0
2411,nocrash_mandatory_s_size_hh,1574171327,0
2412,nocrash_mandatory_s_size_h,1574171327,0
2413,nocrash_mandatory_s_size_l,1574171327,0
2414,nocrash_mandatory_s_size_ll,1574171327,0
2415,nocrash_mandatory_s_size_L,1574171327,0
2416,nocrash_mandatory_s_lj_nowidth,1574171327,0
2417,nocrash_mandatory_p_prec_1,1574171327,0
2418,nocrash_mandatory_p_prec_2,1574171327,0
2419,nocrash_mandatory_p_af,1574171327,0
2420,nocrash_mandatory_p_zp_1,1574171327,0
2421,nocrash_mandatory_p_zp_2,1574171327,0
2422,nocrash_mandatory_p_as_1,1574171327,0
2423,nocrash_mandatory_p_as_2,1574171327,0
2424,nocrash_mandatory_p_sp_1,1574171327,0
2425,nocrash_mandatory_p_sp_2,1574171327,0
2426,nocrash_mandatory_p_size_hh,1574171327,0
2427,nocrash_mandatory_p_size_h,1574171327,0
2428,nocrash_mandatory_p_size_l,1574171327,0
2429,nocrash_mandatory_p_size_ll,1574171327,0
2430,nocrash_mandatory_p_size_L,1574171327,0
2431,nocrash_mandatory_p_lj_nowidth,1574171327,0
2432,nocrash_mandatory_d_size_L,1574171327,0
2433,nocrash_mandatory_d_af,1574171327,0
2434,nocrash_mandatory_d_size_hhh,1574171327,0
2435,nocrash_mandatory_d_size_hhhh,1574171327,0
2436,nocrash_mandatory_d_size_hhl,1574171327,0
2437,nocrash_mandatory_d_size_hhll,1574171327,0
2438,nocrash_mandatory_d_size_llh,1574171327,0
2439,nocrash_mandatory_d_size_lll,1574171327,0
2440,nocrash_mandatory_i_size_L,1574171327,0
2441,nocrash_mandatory_i_af,1574171327,0
2442,nocrash_mandatory_i_size_hhh,1574171327,0
2443,nocrash_mandatory_i_lj_nowidth,1574171327,0
2444,nocrash_mandatory_o_as,1574171327,0
2445,nocrash_mandatory_o_sp,1574171327,0
2446,nocrash_mandatory_o_size_L,1574171327,0
2447,nocrash_mandatory_o_size_hhh,1574171327,0
2448,nocrash_mandatory_o_size_hhhh,1574171327,0
2449,nocrash_mandatory_o_size_hhl,1574171327,0
2450,nocrash_mandatory_o_size_hhll,1574171327,0
2451,nocrash_mandatory_o_size_llh,1574171327,0
2452,nocrash_mandatory_o_size_lll,1574171327,0
2453,nocrash_mandatory_o_lj_nowidth,1574171327,0
2454,nocrash_mandatory_u_size_L,1574171327,0
2455,nocrash_mandatory_u_af,1574171327,0
2456,nocrash_mandatory_u_as,1574171327,0
2457,nocrash_mandatory_u_sp,1574171327,0
2458,nocrash_mandatory_u_size_hhh,1574171327,0
2459,nocrash_mandatory_u_size_hhhh,1574171327,0
2460,nocrash_mandatory_u_size_hhl,1574171327,0
2461,nocrash_mandatory_u_size_hhll,1574171327,0
2462,nocrash_mandatory_u_size_llh,1574171327,0
2463,nocrash_mandatory_u_size_lll,1574171327,0
2464,nocrash_mandatory_u_lj_nowidth,1574171327,0
2465,nocrash_mandatory_x_size_L,1574171327,0
2466,nocrash_mandatory_x_as,1574171327,0
2467,nocrash_mandatory_x_sp,1574171327,0
2468,nocrash_mandatory_x_size_hhh,1574171327,0
2469,nocrash_mandatory_x_size_hhhh,1574171327,0
2470,nocrash_mandatory_x_size_hhl,1574171327,0
2471,nocrash_mandatory_x_size_hhll,1574171327,0
2472,nocrash_mandatory_x_size_llh,1574171327,0
2473,nocrash_mandatory_x_size_lll,1574171327,0
2474,nocrash_mandatory_X_size_L,1574171327,0
2475,nocrash_mandatory_X_as,1574171327,0
2476,nocrash_mandatory_X_sp,1574171327,0
2477,nocrash_mandatory_X_size_hhh,1574171327,0
2478,nocrash_mandatory_X_size_llh,1574171327,0
2479,nocrash_mandatory_x_lj_nowidth,1574171327,0
2480,nocrash_mandatory_f_size_hh,0,1574171327
2481,nocrash_mandatory_f_size_h,0,1574171327
2482,nocrash_mandatory_f_size_ll,0,1574171327
2483,nocrash_mandatory_f_size_lll,0,1574171327
2484,nocrash_mandatory_f_size_llll,0,1574171327
2485,nocrash_mandatory_f_size_LL,0,1574171327
2486,nocrash_mandatory_f_size_Ll,0,1574171327
2487,nocrash_mandatory_f_size_lL,0,1574171327
2488,nocrash_mandatory_f_lj_nowidth,0,1574171327
